region,customer_count,order_count,total_revenue,revenue_per_customer
Central,1,3,3261.4700000000003,3261.4700000000003
East,1,2,1520.42,1520.42
North,2,2,1766.97,883.485
South,2,2,2193.09,1096.545
West,1,1,1152.35,1152.35
